{
  "credit": "Made with Blockbench",
  "parent": "builtin/entity",
  "display": {
    "ground": {
      "rotation": [
        0,
        0,
        180
      ],
      "translation": [
        0,
        18,
        0
      ]
    },
    "gui": {
      "rotation": [
        90,
        58,
        -90
      ],
      "translation": [
        -2.75,
        -1.5,
        0
      ],
      "scale": [
        0.564453125,
        0.564453125,
        0.564453125
      ]
    },
    "fixed": {
      "rotation": [
        -90,
        47.25,
        90
      ],
      "translation": [
        0,
        -3.5,
        0
      ],
      "scale": [
        0.63671875,
        0.63671875,
        0.63671875
      ]
    }
  }
}